/Vpeak (Cout=1e-12) X,/Vpeak (Cout=1e-12) Y,/Vpeak (Cout=5.222222e-12) X,/Vpeak (Cout=5.222222e-12) Y,/Vpeak (Cout=7.333333e-12) X,/Vpeak (Cout=7.333333e-12) Y,/Vpeak (Cout=2e-11) X,/Vpeak (Cout=2e-11) Y,/Vin (Cout=1e-12) X,/Vin (Cout=1e-12) Y,/Vpeak (Cout=1.155556e-11) X,/Vpeak (Cout=1.155556e-11) Y
0,-2.335701070393864e-18,0,-2.335701070394259e-18,0,-2.335701070394259e-18,0,-2.335701070394259e-18,0,0,0,-2.335701070394259e-18
0.003,4.294931586397758e-12,0.003,4.262643876713931e-12,0.003,4.246681385370044e-12,0.003,4.153361832749489e-12,0.003,0,0.003,4.21511238857902e-12
0.009000000000000001,7.032654312975966e-10,0.009000000000000001,1.52191784744035e-10,0.009000000000000001,1.102225635153638e-10,0.009000000000000001,4.313985722280743e-11,0.009000000000000001,0,0.009000000000000001,7.173253906801933e-11
0.021,6.58359451910063e-10,0.021,1.681416364906698e-10,0.021,1.230679557470513e-10,0.021,4.871097444855124e-11,0.021,0,0.021,8.075111760422886e-11
0.04500000000000001,2.070628981799694e-13,0.04500000000000001,3.381866017520225e-13,0.04500000000000001,3.514531626176946e-13,0.04500000000000001,3.848656304416105e-13,0.04500000000000001,0,0.04500000000000001,3.667292436179639e-13
0.07500000000000001,-8.266620905851539e-14,0.07500000000000001,-1.067468760473758e-13,0.07500000000000001,-1.09145276727979e-13,0.07500000000000001,-1.15017818425327e-13,0.07500000000000001,0,0.07500000000000001,-1.11880029687835e-13
0.105,-8.34270677537511e-12,0.105,-3.320166310471696e-12,0.105,-2.567785929251655e-12,0.105,-1.227989536764208e-12,0.105,0,0.105,-1.819471618647047e-12
0.135,-2.917004804310675e-15,0.135,-6.371595372175916e-15,0.135,-6.931146792763189e-15,0.135,-9.026070898504267e-15,0.135,0,0.135,-7.741921866053812e-15
0.165,1.837305842038342e-12,0.165,9.265642622106149e-13,0.165,7.279770372956422e-13,0.165,3.507107054619607e-13,0.165,0,0.165,5.21056339761871e-13
0.195,7.724153974303015e-16,0.195,2.006201325212141e-15,0.195,2.211299060980157e-15,0.195,2.902470217714997e-15,0.195,0,0.195,2.492163628058027e-15
0.225,-1.600581971800353e-16,0.225,-4.136954909965873e-16,0.225,-4.539703750606663e-16,0.225,-5.786401683711658e-16,0.225,0,0.225,-5.067985078901061e-16
0.255,-2.654694534069596e-14,0.255,-1.815273787051819e-14,0.255,-1.489145279473328e-14,0.255,-8.397725508985217e-15,0.255,0,0.255,-1.134681321933868e-14
0.2775,-1.206037254259136e-17,0.2775,-4.293011318095545e-17,0.2775,-4.937761308993076e-17,0.2775,-7.536711081133793e-17,0.2775,0,0.2775,-5.912437829858959e-17
0.3,6.012970690279154e-15,0.3,4.970073640110121e-15,0.3,4.119867522818623e-15,0.3,2.314026002284102e-15,0.3,0,0.3,3.15306542957434e-15
0.3000000693279327,3.829169112623497e-06,0.3000000182601498,8.240895619682884e-07,0.3000000107179658,4.436509070144128e-07,0.3000000076599266,2.107831565857614e-07,0.3000000693279327,4.044124732982546e-06,0.3000000086304221,3.059674614965924e-07
0.3000001198816961,6.618065911172751e-06,0.3000000311670683,1.403363455167864e-06,0.3000000189094603,7.807478527188514e-07,0.3000000131051043,3.587518515231391e-07,0.3000001198816961,6.993084965128959e-06,0.3000000150729892,5.324724377815017e-07
0.3000002209892229,1.218944040089472e-05,0.3000000569809054,2.555866669515486e-06,0.3000000352924493,1.45084663310966e-06,0.3000000239954597,6.511775966896207e-07,0.3000002209892229,1.289099052084741e-05,0.3000000279581234,9.816716074711471e-07
0.3000003307951822,1.823300014059862e-05,0.3000000856201657,3.827682148693815e-06,0.3000000568780892,2.327470550494507e-06,0.3000000383682214,1.032060407481352e-06,0.3000003307951822,1.929627924224242e-05,0.3000000450203338,1.570732531507263e-06
0.300000451040995,2.484550979941476e-05,0.3000001172417951,5.226454889066345e-06,0.3000000811171444,3.306075483876207e-06,0.3000000549240854,1.466359441874148e-06,0.300000451040995,2.631052692228519e-05,0.3000000643756599,2.233714557143853e-06
0.3000005923395277,3.261116953215981e-05,0.3000001549987235,6.892008160288175e-06,0.3000001092713969,4.437935019138032e-06,0.3000000749321388,1.987669467887777e-06,0.3000005923395277,3.455279799854938e-05,0.3000000871718737,3.010227576020796e-06
0.3000007638042966,4.203142698898883e-05,0.3000002018991914,8.95719131067728e-06,0.300000143839728,5.823661505563038e-06,0.3000001006241071,2.654433214969254e-06,0.3000007638042966,4.455468344766178e-05,0.3000001156088881,3.975376142538405e-06
0.300000973857101,5.357052321663593e-05,0.3000002608220972,1.154968597908162e-05,0.3000001873662075,7.565731217527557e-06,0.3000001345116376,3.532891895822117e-06,0.300000973857101,5.680740884941859e-05,0.3000001520180385,5.208907200091831e-06
0.3000012348652314,6.79112825017707e-05,0.3000003359806608,1.485746952430753e-05,0.3000002429948322,9.791708948581012e-06,0.3000001799856152,4.714130325440195e-06,0.3000012348652314,7.203232265479143e-05,0.3000001993808836,6.813915311573768e-06
0.3000015646750288,8.604125819287616e-05,0.3000004337627825,1.916763426814286e-05,0.3000003154503505,1.269493864464175e-05,0.3000002421400843,6.338514444213556e-06,0.3000015646750288,9.127032985375982e-05,0.300000262203944,8.948308820430489e-06
0.3000019830748406,0.0001090622560380901,0.3000005623319373,2.485309296559739e-05,0.3000004113717069,1.655115815403194e-05,0.3000003272110849,8.588413844991684e-06,0.3000019830748406,0.0001156755424362443,0.3000003467015173,1.183531423328241e-05
0.3000024998275545,0.0001375374361686267,0.3000007283189124,3.223416817923098e-05,0.3000005378310004,2.166588749064991e-05,0.30000043769533,1.157209068909439e-05,0.3000024998275545,0.0001458171986313817,0.300000458673589,1.569990390331487e-05
0.3000030984908746,0.0001706007794122792,0.3000009288529226,4.123114046412393e-05,0.3000006965934324,2.815186283614395e-05,0.3000005646478213,1.511836500100707e-05,0.3000030984908746,0.0001807359673783593,0.3000005968419709,2.054889190106155e-05
0.3000037439852513,0.0002063623234317618,0.300001148067531,5.119581604321528e-05,0.3000008771850815,3.564404459845219e-05,0.300000692868078,1.888062456362933e-05,0.3000037439852513,0.0002183855121749012,0.3000007484620801,2.600636235576314e-05
0.3000044106668143,0.0002434465008485134,0.3000013694230025,6.143640286318218e-05,0.3000010630660926,4.352346209760333e-05,0.3000008137327205,2.266152622730475e-05,0.3000044106668143,0.0002572699848365223,0.3000008994126849,3.163167229377575e-05
0.300005094078293,0.0002816468239128235,0.300001586010553,7.167779891881721e-05,0.3000012444939829,5.142884612389166e-05,0.3000009262208817,2.645788281314523e-05,0.300005094078293,0.0002971293397071861,0.300001043623689,3.724449863833831e-05
0.3000058112079657,0.0003219592738075413,0.3000017991688693,8.20181205736529e-05,0.3000014201661538,5.933895984583105e-05,0.3000010332935944,3.038630234771353e-05,0.3000058112079657,0.0003389543013717633,0.3000011815832718,4.289275274080992e-05
0.3000066133891658,0.0003673434369504839,0.3000020165572542,9.286968231949831e-05,0.3000015942550887,6.747398735643939e-05,0.3000011409334211,3.469422575234868e-05,0.3000066133891658,0.0003857385157942372,0.3000013178149067,4.878967750630935e-05
0.3000076994381381,0.0004292512570970631,0.3000022561644302,0.0001052085139583148,0.3000017767565621,7.635253405145248e-05,0.3000012611473802,3.994652235590487e-05,0.3000076994381381,0.0004490762616765065,0.3000014617489841,5.539772695206723e-05
0.3000085342870651,0.0004771502838634879,0.3000025861968945,0.0001228061079101072,0.3000019934119686,8.735739968026673e-05,0.3000014540280541,4.92069664004832e-05,0.3000085342870651,0.0004977626079605835,0.3000016390909782,6.40585577505152e-05
0.3000093481276613,0.0005240454087210844,0.3000029173476148,0.0001410157715674994,0.3000021799165195,9.718956555818974e-05,0.3000015953308351,5.647251032200106e-05,0.3000093481276613,0.0005452224956720986,0.3000017870408048,7.166002802028764e-05
0.3000101275669842,0.0005690950899113049,0.3000031567539901,0.0001544312684788014,0.3000023921043771,0.0001086930137281169,0.3000017065306066,6.237881516253882e-05,0.3000101275669842,0.0005906750334530309,0.3000019430221568,7.995569834594593e-05
0.3000108998156186,0.0006138208978669482,0.3000033829980202,0.0001672358183966165,0.300002583456867,0.0001192792307698599,0.3000018204032744,6.852807777627349e-05,0.3000108998156186,0.0006357070859270009,0.3000020889436479,8.790175483002342e-05
0.3000117189678037,0.000661328710949694,0.3000036182948564,0.0001806337364925251,0.3000027673145299,0.0001295789650787457,0.30000194137459,7.512297539001598e-05,0.3000117189678037,0.0006834729532304296,0.3000022333719264,9.588197598871817e-05
0.3000126222676018,0.0007137651856906063,0.3000038748844113,0.0001952995333426027,0.3000029610328024,0.0001405165342165517,0.3000020812654452,8.279006083757888e-05,0.3000126222676018,0.0007361440691209808,0.3000023881108815,0.0001045092428025385
0.3000136531975539,0.0007736460797431418,0.3000041733585574,0.0002123990008842978,0.3000031738688411,0.0001525930388711039,0.3000022531266652,9.223640189175032e-05,0.3000136531975539,0.0007962553197153888,0.3000025615706545,0.0001142337199295076
0.3000148663862788,0.0008441380536482974,0.300004533531862,0.0002330610773429539,0.3000034194333562,0.0001665684277819707,0.3000024737434988,0.0001043788727153782,0.3000148663862788,0.0008669910314610674,0.3000027654463681,0.0001257000415295187
0.3000163382748474,0.0009296766275812897,0.3000049835074797,0.0002588926788524157,0.300003714476506,0.0001833882092322023,0.3000027720015914,0.0001208020875757908,0.3000163382748474,0.0009528065556234366,0.3000030154046686,0.0001397818725313133
0.30001819169522,0.001037393420991555,0.3000055700270825,0.0002925720370411067,0.3000040831049526,0.0002044205345781567,0.3000032057993786,0.0001446895654047483,0.30001819169522,0.001060860541134967,0.3000033358215277,0.0001578463968490963
0.3000206454715251,0.001179997243541747,0.3000063819507309,0.0003391968950880887,0.300004566247869,0.000231995240623795,0.3000039238224843,0.0001842259698800202,0.3000206454715251,0.001203904871723671,0.3000037710007304,0.0001823860927942947
0.3000241431344653,0.001383249755809134,0.300007620937661,0.0004103429202383343,0.3000052432164226,0.0002706340993594316,0.3000052531649553,0.0002574287737670647,0.3000241431344653,0.001407782962943083,0.3000044154030133,0.0002187231818154896
0.3000297869451741,0.001711169037220673,0.3000099160987235,0.0005421294076160035,0.3000062997000693,0.0003309313759248875,0.3000069723191304,0.0003521406610911842,0.3000297869451741,0.001736709471313908,0.3000055319040871,0.0002816779207098923
0.3000410745665915,0.002366836546468453,0.3000135815750439,0.0007525907554302809,0.3000083718391545,0.0004491900226404106,0.3000087318082779,0.0004491911605798786,0.3000410745665915,0.002394376877260296,0.300007532733949,0.0003944992717255636
0.3000555076752852,0.003204898931683989,0.300017998338485,0.001006199106711382,0.3000114139918034,0.0006228113970093397,0.3000103326129961,0.0005376950118502622,0.3000555076752852,0.003234954055755912,0.3000100395916105,0.0005358873283647038
0.3000714706415502,0.004131398522336599,0.3000227364769573,0.00127831410428036,0.3000149594609056,0.0008251916953100562,0.3000117198036293,0.0006146694312676129,0.3000714706415502,0.004164158536214935,0.3000126726205594,0.0006844839374517471
0.3000882620145507,0.005105564282427422,0.3000273496300108,0.001543368560699106,0.3000186404286667,0.001035397738239631,0.3000129342343935,0.0006823875990443329,0.3000882620145507,0.00514105114829852,0.3000151537463884,0.0008246791926216703
0.3001049388447249,0.006072704510952542,0.3000315806452562,0.001786647189278773,0.3000220968193608,0.001232941863981742,0.3000140474331219,0.0007448279756279703,0.3001049388447249,0.006110738813650235,0.3000173541310284,0.0009492530781486224
0.3001212171308321,0.007016410968556079,0.3000354575388972,0.002009795796781632,0.3000252058989006,0.001410860555175059,0.3000151396915832,0.0008065037349002856,0.3001212171308321,0.007056733082107969,0.3000193109350484,0.001060329353111917
0.3001373699281972,0.007952571611156901,0.3000391151391546,0.002220596795159591,0.3000280366091537,0.001573121525011976,0.30001632539868,0.0008739451943057156,0.3001373699281972,0.00799492746536315,0.3000211180332419,0.001163239965692832
0.300153979255516,0.00891494505505082,0.3000427401451223,0.002429837941066701,0.3000307129797692,0.001726848285679153,0.3000179587559056,0.0009676030374806771,0.300153979255516,0.008959111614586235,0.3000228872877374,0.001264370017631298
0.3001722100287968,0.00997100015499257,0.300046623734928,0.002654387125073661,0.3000333972404815,0.001881387466644962,0.3000196172419219,0.001063381768679305,0.3001722100287968,0.01001680759540341,0.3000247786275028,0.001372921543389545
0.3001955543807799,0.01132283647764597,0.3000515172837346,0.002937866012934961,0.3000363548884182,0.002052103912184261,0.3000208541811708,0.00113512530232908,0.3001955543807799,0.01137024027990238,0.3000272087086382,0.001513024151328652
0.3002153064033207,0.01246620607512452,0.3000556891179949,0.003179929341835306,0.3000404955022599,0.002291793429430464,0.3000220379232547,0.001203932987022041,0.3002153064033207,0.0125145786620745,0.3000292630785451,0.001631922598397821
0.3002359521234017,0.01366079203727546,0.3000600586240198,0.003433742661532291,0.3000445747569612,0.002528529245960373,0.3000232760796854,0.001275991430916634,0.3002359521234017,0.01370988856945746,0.3000313250086521,0.001751563206731052
0.3002548729420498,0.01475504001582155,0.3000640950947402,0.003668379607010148,0.3000476324883399,0.002706249512929834,0.3000246588549177,0.00135652109886061,0.3002548729420498,0.01480461099306257,0.3000332653780815,0.001864337231403324
0.3002733824966855,0.01582495507363301,0.3000680972377823,0.003901113989917538,0.3000505507610525,0.002875991227687752,0.3000263197103509,0.001453279637885483,0.3002733824966855,0.01587487058718356,0.3000352210082676,0.001978110503631501
0.3002929204882742,0.0169536841742132,0.3000723866923096,0.004150604931726994,0.3000535795213303,0.003052229551062861,0.3000284057780555,0.001574827866141082,0.3002929204882742,0.01700388031064157,0.3000373472471183,0.002101880416371269
0.3003144063124044,0.01819415340545913,0.3000771968436748,0.004430397148977388,0.3000569324636923,0.003247368471636329,0.3000311449240115,0.001734429888541506,0.3003144063124044,0.0182445976219073,0.3000397737395996,0.002243172137355226
0.3003390405956635,0.01961534853418669,0.3000828476436215,0.004759070613390284,0.3000609069229042,0.003478691135163671,0.3000349508561255,0.001956171457865849,0.3003390405956635,0.01966603237885564,0.3000426757244123,0.002412173113204692
0.300368224349186,0.02129753338603685,0.3000897470332063,0.005160310200300902,0.3000658115729713,0.003764138030009973,0.3000407272145972,0.002292660053092273,0.300368224349186,0.02134846858353914,0.30004629326351,0.002622845688863317
0.3004038981478017,0.02335161221893153,0.3000985133245159,0.005670003889918967,0.3000721014622227,0.004130152993092671,0.3000510831828987,0.002895758530693168,0.3004038981478017,0.02340283244570263,0.300051014034783,0.002897740682504329
0.3004491903637991,0.02595601097621826,0.3001102365545731,0.006351395903871481,0.3000805595125413,0.004622222228389577,0.3000717951195017,0.004101329403978328,0.3004491903637991,0.02600757943334261,0.3000575686469432,0.00327935446099216
0.3005097220210908,0.02943058298237508,0.3001271306855152,0.007332870554026811,0.3000927696718618,0.005332337136480762,0.3001109310928433,0.0063770294759371,0.3005097220210908,0.02948260971119004,0.3000675917031235,0.003862741334643231
0.3005970379484404,0.0344302639901974,0.3001547312886551,0.008935153794322167,0.3001126861958793,0.006490014824935058,0.3001892030395265,0.01091953365510269,0.3005970379484404,0.03448294840958419,0.3000860006279838,0.004933713227980721
0.3007401173670071,0.04259154994254332,0.300209932494935,0.01213529931206123,0.3001525192439143,0.008803063676075132,0.3003457469328929,0.01996906537927517,0.3007401173670071,0.04264530791947768,0.3001228184777044,0.007073685108677139
0.3010262762041406,0.05879781682984309,0.3003203349074948,0.01851795238473426,0.3002321853399844,0.01341995777944209,0.3006588347196257,0.0379270828292097,0.3010262762041406,0.05885370320856484,0.3001902872979859,0.01098838083495554
0.3015985938784075,0.09075027839240188,0.3005211620193537,0.03006824335807296,0.3003774711103829,0.02180821177754104,0.3012850102930912,0.07328575179872227,0.3015985938784075,0.09081034204556626,0.3003252249385487,0.0187914108811065
0.3027432292269413,0.1528553195112456,0.3009228162430717,0.05293816179838922,0.3006680426511801,0.03846334538835811,0.3025373614400224,0.1418271170969367,0.3027432292269413,0.1529234308440219,0.3005951002196743,0.03429257610863859
0.3046792212133655,0.2526516904323502,0.3017261246905076,0.09776961855486378,0.3012491857327744,0.07129356274881435,0.303008493696256,0.1668805762305919,0.3046792212133655,0.252732548959248,0.3011348507819256,0.06487970214195696
0.3052418512337829,0.2804667432897677,0.3033327415853795,0.1839103866741006,0.302411471895963,0.1350766001520528,0.3039507582087232,0.2158224864039584,0.3052418512337829,0.2805511280130739,0.3022143519064283,0.1244275537011207
0.3063671112746176,0.3345561380532932,0.3038462852522171,0.2104858786201041,0.3042670438296612,0.2319197001153939,0.3058352872336578,0.3092132649630597,0.3063671112746176,0.3346473177456345,0.3040211716463767,0.2194243106795477
0.3069297412950349,0.3608494925102524,0.3048733725858924,0.2622914148579168,0.3048083000249419,0.2590579559188295,0.3064567186514408,0.3387452249740336,0.3069297412950349,0.360943955966795,0.3045551997011224,0.2464237540462485
0.3080550013358696,0.4119797636436318,0.306927547253243,0.3607304847306469,0.3058908124155034,0.3118874949999093,0.3076995814870069,0.39600528153198,0.3080550013358696,0.4120805696589582,0.305623255810614,0.2990020092477519
0.3086176313562869,0.4368346580052051,0.3075183275652838,0.3878157933697152,0.3064320686107841,0.3375959624538769,0.3083210129047899,0.423757935325379,0.3086176313562869,0.4369385316848615,0.3061572838653598,0.3245974700757838
0.3097428913971216,0.4851676853299705,0.3086998881893654,0.4404122708128486,0.3075145810013455,0.3876421442421645,0.309563875740356,0.4775680512350994,0.3097428913971216,0.4852774862920025,0.3072253399748514,0.3744416200296724
0.310305521417539,0.5086628123960543,0.3092906685014062,0.4659438235713754,0.3080558371966263,0.4119961430790021,0.310185307158139,0.5036485950506505,0.310305521417539,0.5087754813925329,0.3077593680295971,0.3987060975719105
0.3114307814583737,0.5543516232906325,0.3104722291254878,0.5155230756043671,0.3091383495871877,0.4594056048066033,0.3114281699937051,0.5542166254957172,0.3114307814583737,0.5544698354727158,0.3088274241390887,0.4459583122716976
0.311993411478791,0.5765613714795971,0.3110630094375286,0.5395899951830625,0.3096796057824684,0.4824764941367359,0.3120496014114881,0.5787258029325302,0.311993411478791,0.5766822667721594,0.3093614521938345,0.468961016739032
0.3131186715196257,0.6197506229775074,0.3122445700616102,0.5863251016780452,0.3107621181730299,0.5273881498041016,0.3132924642470542,0.6262470821188196,0.3131186715196257,0.6198767051247147,0.3104295083033261,0.5137560754988956
0.313681301540043,0.640745311720159,0.312835350373651,0.6090114061103648,0.3113033743683106,0.5492435297247388,0.3139138956648372,0.649279567560901,0.313681301540043,0.6408739051888753,0.3109635363580718,0.5355626186840607
0.3148065615808777,0.6815717480703783,0.3140169109977325,0.6530655205994542,0.3123858867588721,0.5917889756570184,0.3151567585004033,0.6939376618493792,0.3148065615808777,0.6817051969786385,0.3120315924675634,0.5780282932328095
0.3153691916012951,0.7014178502374541,0.3146076913097733,0.674450408664899,0.3129271429541528,0.6124928851884347,0.3157781899181863,0.7155824259913515,0.3153691916012951,0.7015536505130984,0.3125656205223092,0.5987008755189928
0.3164944516421297,0.740010735501711,0.3157892519338549,0.7159773262382236,0.3140096553447143,0.6527967852978988,0.3170210527537524,0.7575498426154064,0.3164944516421297,0.7401510823308951,0.3136336766318008,0.6389582941437996
0.3170570816625471,0.7587710877170226,0.3163800322458957,0.736135453849123,0.314550911539995,0.6724098898796773,0.3176424841715355,0.7778904959817203,0.3170570816625471,0.7589136366955623,0.3141677046865465,0.6585558817876453
0.3181823417033818,0.7952526147827972,0.3175615928699773,0.7752801477670751,0.3156334239305564,0.7105903406981965,0.3188853470071015,0.8173293491436727,0.3181823417033818,0.7953994219261676,0.3152357607960381,0.6967198746055632
0.3187449717237991,0.8129866162638144,0.3181523731820181,0.7942818884636422,0.3161746801258372,0.7291701098401244,0.3195067784248846,0.8364444649471132,0.3187449717237991,0.8131354861326767,0.3157697888507839,0.7152983678314773
0.3198702317646338,0.847472293537162,0.3193339338060997,0.8311810160421712,0.3172571925163986,0.7653389863733032,0.3207496412604506,0.8735071018414959,0.3198702317646338,0.8476251519264525,0.3168378449602754,0.7514777941559683
0.3221207518463032,0.9126818013395015,0.3199247141181405,0.8490927065743796,0.3177984487116793,0.7829398619691129,0.3213710726782337,0.8914705194141463,0.3221207518463032,0.9128421256143433,0.3173718730150212,0.769090186530178
0.3231014772169079,0.9396036357972954,0.3211062747422221,0.8838750860978243,0.3188809611022408,0.8172031453670391,0.3226139355137997,0.9263001085747156,0.3231014772169079,0.9397670277658237,0.3184399291245128,0.8033882452496602
0.3250629279581174,0.9908776159789012,0.3216970550542629,0.9007592579394451,0.3194222172975215,0.8338767011566236,0.3232353669315828,0.9431812185347774,0.3250629279581174,0.9910467851512355,0.3189739571792586,0.8200847747817229
0.3260436533287221,1.015284543984156,0.3228786156783445,0.9335463182491832,0.320504729688083,0.8663347891487397,0.3244782297671489,0.975912302763478,0.3260436533287221,1.015456447501184,0.3200420132887501,0.8525992986239145
0.3280051040699316,1.061768756500771,0.3234693959903853,0.9494619158454245,0.3226697544692059,0.927840806873206,0.3250996611849319,0.99177631501349,0.3280051040699316,1.061945810995355,0.3221781255077333,0.9142565416227132
0.3289858294405363,1.083895706594684,0.3246509566144669,0.9803681201624784,0.3236752011696893,0.9549297118797555,0.326342524020498,1.022535331017181,0.3289858294405363,1.084075199346939,0.3231820558178974,0.9417521892230621
0.3309472801817457,1.126037589827016,0.3252417369265077,0.9953707066683664,0.324177924519931,0.9681374931640925,0.326963955438281,1.037443526604652,0.3309472801817457,1.126221672502993,0.3236840209729794,0.9551587961781961
0.3319280055523505,1.146097547939314,0.3264232975505892,1.024503952121519,0.3251833712204144,0.9938982712864289,0.3282068182738471,1.066349293339739,0.3319280055523505,1.146283802891954,0.3246879512831435,0.9813083568604876
0.3338894562935599,1.18430274426807,0.32701407786263,1.038645903345887,0.3271942646213812,1.042900675897599,0.3288282496916301,1.080359261150075,0.3338894562935599,1.184493084886462,0.3266958119034717,1.031054057102573
0.3348701816641647,1.202488800384437,0.3281956384867116,1.066107897594328,0.3280330558192147,1.062389628147957,0.3300711125271962,1.107523438756315,0.3348701816641647,1.202681074059462,0.3275383337797917,1.05095642619027
0.3368316324053741,1.237125059380086,0.3287864187987524,1.079438584824033,0.3297106382148817,1.099770319497894,0.3306925439449792,1.120689297950167,0.3368316324053741,1.237320964926015,0.3292233775324317,1.089122982431891
0.3378123577759788,1.253612266084954,0.329967979422834,1.105325201085169,0.3305494294127151,1.117691267813357,0.3319354067805453,1.14621681904269,0.3378123577759788,1.25380988926972,0.3300658994087518,1.10741725900342
0.3397738085171883,1.28501298409615,0.3305587597348748,1.11789116342599,0.3322270118083821,1.152064453867293,0.3325568381983283,1.158589428095355,0.3397738085171883,1.285213830317845,0.3317509431613918,1.142499991023991
0.340754533887793,1.299960041452536,0.3317403203589564,1.142292775144759,0.3330658030062156,1.168543552052625,0.3337997010338944,1.182578903078155,0.340754533887793,1.300162411132709,0.3325934650377118,1.159316105916959
0.3427159846290025,1.328427470582118,0.3323311006709972,1.154137881979319,0.3347433854018825,1.200151206711428,0.3344211324516774,1.194206056227326,0.3427159846290025,1.328632694631967,0.3342785087903518,1.191564185742576
0.3436967099996072,1.341978253650456,0.3335126612950788,1.177139678305067,0.335582176599716,1.215304461648109,0.3356639952872435,1.216750154191816,0.3436967099996072,1.342184825973015,0.3351210306666718,1.207021574336929
0.3456581607408167,1.367786411011253,0.3341034416071196,1.188305282433916,0.337259758995383,1.24436909120637,0.3362854267050265,1.22767676605163,0.3456581607408167,1.36799550499849,0.3368060744193118,1.23666404175722
0.3466388861114214,1.380071354693262,0.3352850022312012,1.209987565604452,0.3380985501932164,1.258303176284975,0.3375282895405926,1.248862572730048,0.3466388861114214,1.380281638790028,0.3376485962956318,1.250872489139099
0.3486003368526309,1.403468659926039,0.3376481234793643,1.250872431452763,0.3397761325888834,1.285029385047573,0.3381497209583756,1.25913085178389,0.3486003368526309,1.403681165239193,0.3393336400482718,1.278119877737525
0.3495810622232356,1.414606014455866,0.3388296841034459,1.27013842332164,0.3406149237867169,1.297842391127046,0.3393925837939417,1.279040205939093,0.3495810622232356,1.414819566996439,0.3401761619245918,1.291180298450843
0.3515425129644451,1.435817680884028,0.3394204644154867,1.279490582348385,0.3422925061823838,1.322418321697265,0.3400140152117248,1.28868981758081,0.3515425129644451,1.436033183170766,0.3418612056772318,1.316226130850517
0.3525232383350498,1.44591465004607,0.3406020250395683,1.297651379532314,0.3431312973802173,1.334200447601915,0.3412568780472908,1.307399627130967,0.3525232383350498,1.446131070415919,0.3427037275535518,1.328231285608316
0.3544846890762592,1.465144852474314,0.3429651462877315,1.331896016591196,0.3448088797758843,1.356799105295952,0.3418783094650739,1.316467846883899,0.3544846890762592,1.465362977188448,0.3443887713061918,1.351253447911407
0.355465414446864,1.474298625499958,0.3439497654332546,1.345387212840442,0.3456476709737177,1.367633292765722,0.3431211723006399,1.334050385982504,0.355465414446864,1.474517551519501,0.3452312931825118,1.362288602405509
0.3574268651880734,1.491732465516884,0.3459190037243008,1.371076917999157,0.3473252533693847,1.388413763480107,0.343742603718423,1.342572243487873,0.3574268651880734,1.491952873959003,0.3469163369351518,1.383450607589642
0.3584075905586782,1.500031152590082,0.346903622869824,1.383303082786705,0.3481640445672182,1.398376281039403,0.344985466553989,1.359095431706126,0.3584075905586782,1.500252256705923,0.3477588588114718,1.39359413807345
0.3603690412998876,1.515836440287385,0.3488728611608702,1.406583934246132,0.3498416269628851,1.417484851140794,0.3456068979717721,1.367103846036758,0.3603690412998876,1.51605882607863,0.3494439025641118,1.413046287314312
0.3613497666704923,1.523359920661954,0.3498574803063933,1.417663684980757,0.3506804181607186,1.426645830994607,0.3468497608073381,1.382631510726303,0.3613497666704923,1.523582906553484,0.3502864244404318,1.422370237258255
0.3633112174117018,1.537688789916991,0.3518267185974395,1.438761558702293,0.3523580005563856,1.444217017112888,0.3474711922251212,1.39015741754818,0.3633112174117018,1.537912875855809,0.3519714681930718,1.440250687423839
0.3642919427823065,1.544509480807817,0.3528113377429626,1.448802394121848,0.353196791754219,1.452640948848585,0.3487140550606873,1.40474954039734,0.3642919427823065,1.544734080362022,0.3528139900693918,1.448821279195885
0.366253393523516,1.557499853675128,0.3547805760340089,1.467921986839267,0.354874374149886,1.468798444820667,0.3493354864784703,1.411822011470043,0.366253393523516,1.557725388935289,0.3544990338220318,1.465257024092118
0.3672341188941207,1.563683407323242,0.355765195179532,1.477021325533269,0.3557131653477195,1.476544629390093,0.3505783493140364,1.425534960205698,0.3672341188941207,1.563909377938475,0.3553415556983518,1.473135129296645
0.3691955696353302,1.575460321628793,0.3577344334705782,1.494348139742061,0.3573907477433864,1.491402177019067,0.3530640749851685,1.451313991096321,0.3691955696353302,1.575687079263936,0.3570265994509918,1.488242901632116
0.3701762950059349,1.581066257249192,0.3587190526161013,1.502594265451292,0.3582295389412199,1.498525144196194,0.3543069378207346,1.463424303740383,0.3701762950059349,1.581293379435217,0.3578691213273118,1.495484473447042
0.3721377457471444,1.591743070164884,0.3606882909071475,1.518296409235821,0.3599071213368868,1.512187333954597,0.3549283692385176,1.46929389891715,0.3721377457471444,1.59197084489064,0.3595541650799518,1.509371573921836
0.3731184711177491,1.596825346859409,0.3616729100526707,1.5257693274063,0.3607459125347203,1.518737226206986,0.3561712320740837,1.480674580162426,0.3731184711177491,1.597053422106464,0.3603966869562718,1.516028044504153
0.3750799218589586,1.606504826042167,0.3636421483437169,1.539999145485276,0.3624234949303873,1.531300233519994,0.3586569577452158,1.502069180847643,0.3750799218589586,1.606733432271544,0.3620817307089118,1.528793103910503
0.3760606472295633,1.611112362191843,0.36462676748924,1.546771359511738,0.3632622861282208,1.537323158996045,0.3597273000571853,1.510749447162406,0.3760606472295633,1.611341211085663,0.3629242525852318,1.534911749692407
0.3780220979707727,1.619887674990134,0.3665960057802862,1.559666911346872,0.3649398685238877,1.548875421287158,0.3618679846811242,1.527207996742232,0.3780220979707727,1.620116945101122,0.3646092963378718,1.546645429439287
0.3790028233413775,1.624064819126678,0.3675806249258093,1.565804126030179,0.3657786597217212,1.55441377840377,0.3629383269930936,1.53500721011757,0.3790028233413775,1.624294279689122,0.3654518182141918,1.552269706909116
0.3809642740825869,1.632020429377409,0.3695498632168556,1.577490525336918,0.3674562421173881,1.565036617668682,0.3650790116170325,1.549795205110516,0.3809642740825869,1.632250212192986,0.3671368619668318,1.563055342945742
0.3819449994531917,1.635807387067378,0.3705344823623787,1.583052284380184,0.3682950333152216,1.570129393584105,0.366149353929002,1.556802793155317,0.3819449994531917,1.636037313302664,0.3679793838431518,1.568225197298372
0.3839064501944011,1.643019868118639,0.3725037206534249,1.593642913035938,0.3699726157108886,1.579897588875097,0.3682900385529409,1.570089802290228,0.3839064501944011,1.643250027577565,0.3696644275957918,1.578139392009666
0.3848871755650058,1.646453088971541,0.373488339798948,1.598683176764149,0.3708114069087221,1.584580633947975,0.3693603808649104,1.576386118979125,0.3848871755650058,1.64668334959494,0.3705069494721118,1.582891540858393
0.3868486263062153,1.652991860763326,0.3754575780899942,1.608280784891007,0.372488989304389,1.593562947798659,0.3715010654888493,1.588324499769925,0.3868486263062153,1.653222274753757,0.3721919932247518,1.592004707136045
0.3907715277886342,1.664854214575825,0.3764421972355174,1.612848453799044,0.3733277805022225,1.597869227965228,0.3725714078008187,1.593981742679953,0.3907715277886342,1.66508476921716,0.3730345151010718,1.596372901300869
0.3919314955235608,1.668074806164987,0.3784114355265636,1.621546156693827,0.3750053628978894,1.606128890461278,0.3747120924247576,1.60470838761927,0.3919314955235608,1.6683054017492,0.3747195588537118,1.604749762654034
0.394251430993414,1.674154253150914,0.3793960546720867,1.625685545902297,0.3758441540957229,1.610088719307287,0.3757824347367271,1.609791425936012,0.394251430993414,1.674384846934841,0.3755620807300318,1.608765025878494
0.3953124642340752,1.676781866998372,0.3813652929631329,1.633567727486115,0.3775217364913899,1.617683873210707,0.377923119360666,1.619429332276326,0.3953124642340752,1.677012446560572,0.3772471244826718,1.616465076135968
0.3974345307153975,1.681766386832407,0.382349912108656,1.637318996708176,0.3783605276892233,1.621325125371703,0.3789934616726354,1.623996450653083,0.3974345307153975,1.681996894285562,0.3780896463589918,1.620155925435051
0.4016786636780421,1.690737620076996,0.3843191503997023,1.644462128260783,0.3800381100848903,1.628309235432024,0.3811341462965743,1.632656130835111,0.4016786636780421,1.690967846050635,0.3797746901116318,1.627233851303836
0.4030211513381077,1.693321128696094,0.3853037695452254,1.647861671451519,0.3833932748762242,1.641158732175499,0.3822044886085438,1.636759697752765,0.4030211513381077,1.693551275846751,0.3806172119879518,1.630626499507896
0.4057061266582389,1.698154002902779,0.3872730078362716,1.654335053573902,0.3844082732766851,1.644771158763258,0.3843451732324827,1.644540446670581,0.4057061266582389,1.698383906590434,0.3823022557405918,1.637132568989259
0.4102566073050501,1.705418962348646,0.3882576269817947,1.657415852042674,0.386438270077607,1.65163955772312,0.3854155155444521,1.648227514956229,0.4102566073050501,1.705648309582601,0.3856723432458719,1.649098142125107
0.4117092880629066,1.70751558109829,0.390226865272841,1.6632822870465,0.387387280116726,1.654694512948771,0.387556200168391,1.655218548590017,0.4117092880629066,1.707744770069177,0.3867164366612248,1.652540639701314
0.4146146495786196,1.711416310323641,0.3912114844183641,1.666074229458225,0.3892853001949639,1.660522046614682,0.3886265424803605,1.658531394980572,0.4146146495786196,1.711645082454762,0.3888046234919307,1.659076494890605
0.4191454788500083,1.716793550223191,0.3931807227094103,1.671390630705771,0.3930813403514397,1.671127337776009,0.3907672271042994,1.664812873453533,0.4191454788500083,1.717021524032615,0.3897684734492241,1.661943203428815
0.4205964961141249,1.718350903628909,0.3971191992915027,1.681031733823435,0.3942531160785775,1.674139060805709,0.3918375694162688,1.667789483391398,0.4205964961141249,1.718578641675056,0.3916961733638108,1.667407614080214
0.423498530642358,1.721248634626135,0.3983516072572558,1.683797673904895,0.3965966675328531,1.679820919678104,0.3939782540402078,1.67343343018211,0.423498530642358,1.721475784909035,0.3926600233211042,1.670010942178452
0.4278405841521332,1.725093297706357,0.400816423188762,1.689000166701386,0.3976015969092827,1.682124621544007,0.3950485963521772,1.67610793340202,0.4278405841521332,1.725319381442116,0.3945877232356909,1.674973309630298
0.4330229198000505,1.729010387060376,0.4049682294956676,1.696852624372793,0.399611455662142,1.686506903037875,0.3971892809761161,1.681179061252774,0.4330229198000505,1.729234899016102,0.3984431230648644,1.683990893860366
0.4344277197767336,1.729960732394994,0.4063073180188158,1.699162145903176,0.4036311731678606,1.694438099976374,0.3982596232880856,1.683582123154678,0.4344277197767336,1.73018484449687,0.3996912296619188,1.686670455004924
0.4372373197300999,1.731733289583281,0.4089854950651122,1.703483243164903,0.4049527503428593,1.696821976847785,0.4004003079120245,1.688138576146484,0.4372373197300999,1.731956351438938,0.4021874428560277,1.691706555791641
0.440699033782912,1.733701373615452,0.4132684461363497,1.70963996695949,0.4075959046928566,1.701286061094056,0.4014706502239939,1.690297749442323,0.440699033782912,1.733922781432133,0.4032297431778551,1.693688501573556
0.4441357775021524,1.735443605758236,0.4146599648844791,1.711458375959555,0.4119186528030633,1.707790306084941,0.4036113348479328,1.694391769745965,0.4441357775021524,1.735662977893548,0.40531434382151,1.697451727658638
0.4477262511827611,1.737063442125478,0.4174430023807379,1.714851797650786,0.4133342259770892,1.709724487581457,0.4078927040958106,1.701753534904885,0.4477262511827611,1.737280163625887,0.4094835451088198,1.704237454111656
0.4511746301706183,1.73844767327041,0.4218055785427365,1.719576619808697,0.4161653723251412,1.713329653163959,0.4093105619757366,1.703968924965271,0.4511746301706183,1.738661355847305,0.410898674195036,1.706334505150067
0.4545982325901772,1.739673866691139,0.4232332274892668,1.720979466747095,0.4205068408580919,1.718237802557989,0.4121462777355884,1.708097756194513,0.4545982325901772,1.739884219328311,0.4137289323674683,1.710243316118746
0.4585619781851611,1.740929815794565,0.4260885253823273,1.723592730188487,0.4219023165959422,1.719670440067229,0.4165173899763482,1.713744900939363,0.4585619781851611,1.741136233438575,0.4181826478997938,1.71569426054041
0.4629987538497161,1.742152514260614,0.4305516091463144,1.727210626398016,0.4246932680716429,1.722343461197398,0.4178991327754422,1.715365496156458,0.4629987538497161,1.742354790275309,0.4196315831921256,1.717300145613695
0.4676631557338949,1.74325723667273,0.4320314865148727,1.728296234917042,0.429003503898683,1.726012829515821,0.4206626183736301,1.718391264363211,0.4676631557338949,1.743455668800953,0.4225294537767891,1.720288476923025
0.4721196838465866,1.744163791672609,0.4349912412519893,1.730313336806587,0.4304020232028273,1.727094516861814,0.4248122747029752,1.722442275220803,0.4721196838465866,1.744359073799177,0.4268377377996788,1.724230508670794
0.4764617278173697,1.744926535076665,0.4395997261008492,1.733083682556186,0.4331990618111158,1.729112454961146,0.4260956838952845,1.723585873253987,0.4764617278173697,1.745119178855598,0.4281975050521226,1.725361643296754
0.4810024518754636,1.745614479417562,0.4411442241342471,1.733920916240051,0.4376104873741388,1.731936535831502,0.4286625022799032,1.725731521374052,0.4810024518754636,1.745804737114257,0.4309170395570102,1.727475888037692
0.4858955114687811,1.746248056118858,0.4442332202010431,1.735471584822671,0.4390783940979665,1.732787854634241,0.4327177056486555,1.728768675843508,0.4858955114687811,1.746436105106692,0.4351238650837637,1.730391405940542
0.4911435886663433,1.746822027946793,0.4489877929887561,1.737567370169555,0.4420142075456218,1.734370602951111,0.4378465568927064,1.732066506911832,0.4911435886663433,1.74700807165377,0.4405298986468037,1.733585360230935
0.4955717943331717,1.747234026152932,0.4553920403536783,1.739913571172026,0.4466229007810968,1.736563150054615,0.4400447185749471,1.73331620249376,0.4955717943331717,1.747418653257881,0.4428312180430408,1.734779793811074
0.5,1.747589484861762,0.4580231369893572,1.74074141719194,0.4528591149636153,1.739041763271167,0.4444410419394285,1.735557219689132,0.5,1.747772890847655,0.4474338568355149,1.736910860391935
0.5000014413701853,1.747510971474493,0.4632198768262819,1.742178190739651,0.4553834161560434,1.73990745945732,0.4497703177490483,1.737868571003175,0.5000014413701853,1.747688919940372,0.4528900732173526,1.73904837883351
0.500003499494412,1.747398859190809,0.4689021029664807,1.743489358276527,0.4603982074169185,1.741425814943782,0.451429241794297,1.738508173369484,0.500003499494412,1.747569025356155,0.4545930560100773,1.739639739664681
0.5000076157428655,1.747174667260879,0.4764860418381432,1.744894515400595,0.4660491629685478,1.742858898494181,0.4547470898847944,1.739686212296677,0.5000076157428655,1.747329260862106,0.4579990215955265,1.740726563227424
0.5000153173567964,1.746755236293669,0.4787891265570304,1.745255531353381,0.4730708720173853,1.744302129422772,0.4590528749138963,1.741033292907548,0.5000153173567964,1.746880743257147,0.462429870065787,1.741967983381606
0.5000271677601736,1.746109890134401,0.4831699290486332,1.745870773825725,0.4758479610330286,1.744785993352817,0.4642332894837983,1.742417776497704,0.5000271677601736,1.746190838145031,0.4678430226053674,1.743255965510371
0.5000468780296822,1.745036237052214,0.4875474244021671,1.746402689241705,0.4812906441726107,1.745614161097203,0.4665669705946408,1.742967521361953,0.5000468780296822,1.745043951875805,0.4701498029017317,1.743738039296636
0.5000488792951634,1.744927158147877,0.4919660906345731,1.746867131304143,0.4868126584431398,1.746314560880822,0.4712343328163258,1.743946936434792,0.5000488792951634,1.744927545884366,0.4747633634944602,1.744598043905461
0.5000501615935481,1.744918504073144,0.4965526712627649,1.747283153445659,0.4939909561545822,1.747052944630016,0.4769380599438453,1.74495466871441,0.5000501615935481,1.74485296355254,0.4804292803019861,1.745488667937086
0.50005084276226,1.744916826433184,0.5,1.747557334536599,0.5,1.747549788123574,0.484278267503952,1.745999631122608,0.50005084276226,1.744813346027459,0.4878277774150748,1.746425518838082
0.5000514739695067,1.744915266577641,0.5000012740587731,1.747502738206657,0.5000020584776725,1.747470047995695,0.492139133751976,1.746869078456259,0.5000514739695067,1.744776635119393,0.4939138887075374,1.747040901200829
0.5000525618361722,1.744912575475497,0.5000024884455559,1.747450774083931,0.5000036104918908,1.747410102750059,0.5,1.747538595203414,0.5000525618361722,1.74471336678852,0.5,1.74754375813103
0.5000547375695032,1.744907191135497,0.5000049172191215,1.747346934256012,0.5000067145203273,1.747290343811669,0.5000015001887439,1.747501657129756,0.5000547375695032,1.744586837009318,0.5000012167549804,1.747504100660896
0.5000590890361654,1.744896420521497,0.5000082636046985,1.747203935190087,0.5000099735839368,1.747164641362215,0.5000025619130571,1.747475763599635,0.5000590890361654,1.744333804978755,0.5000022203779586,1.747471631811881
0.5000677919694896,1.74487487684816,0.500013057470027,1.746999067136873,0.5000111184712845,1.74712046696312,0.5000046853616836,1.747423931163764,0.5000677919694896,1.743827851010367,0.5000042276239149,1.74740672054538
0.500085197836138,1.744831783983559,0.5000136326405453,1.746974476097947,0.500011447964103,1.747111020875526,0.5000064712796434,1.747380413726064,0.500085197836138,1.742816383295526,0.5000059071890509,1.747352472435257
0.5001200095694349,1.744745579840776,0.5000140008940965,1.746962353271521,0.5000116418447668,1.747110955779445,0.5000068043221987,1.747372299082682,0.5001200095694349,1.740795207562138,0.5000070003951228,1.747317175513866
0.5001896330360287,1.74457310276066,0.5000141992460201,1.746962259793127,0.5000118054104515,1.747110900444566,0.5000069650706475,1.747369256650284,0.5001896330360287,1.736759885359335,0.5000075541132852,1.747299299163421
0.5003288799692163,1.744227892013802,0.5000143575807673,1.746962184547869,0.5000119303033083,1.747110858091128,0.5000070580933066,1.747369245348256,0.5003288799692163,1.728717282005446,0.5000086615496101,1.747263538363883
0.5006073738355914,1.743536565671154,0.500014495290698,1.746962118939138,0.5000121800890217,1.747110773331297,0.5000071339595963,1.747369236056668,0.5006073738355914,1.71274363410955,0.5000088408178274,1.747257746959612
0.5011643615683417,1.742151097821206,0.5000147707105593,1.746961987629417,0.5000126796604486,1.747110603768852,0.5000071974430715,1.74736922826253,0.5011643615683417,1.68123777231643,0.5000089679624558,1.747257519853309
0.5022766295441505,1.739377751263359,0.5000153215502821,1.7469617249355,0.5000136788033024,1.747110264608047,0.500007324410022,1.747369212663786,0.5022766295441505,1.620046240209756,0.5000090764665671,1.747257496651219
0.5035290624837159,1.736250299766002,0.5000164232297275,1.746961199485415,0.50001567708901,1.74710958625097,0.5000075783439231,1.747369181457843,0.5035290624837159,1.553805258052455,0.5000091528598188,1.747257480274576
0.5049558342331211,1.73268732727236,0.5000186265886184,1.746960148524766,0.5000196736604251,1.747108229481541,0.5000080862117251,1.74736911903888,0.5049558342331211,1.481637461693707,0.5000093056463223,1.747257447500619
0.5066840009673024,1.728376051308332,0.5000230333064002,1.746958046512451,0.5000276668032554,1.747105515791252,0.5000091019473292,1.747368994194025,0.5066840009673024,1.398698709841737,0.5000096112193292,1.74725738193604
0.5089171787390434,1.722815076023434,0.5000318467419638,1.746953842245168,0.500043653088916,1.747100087863807,0.5000111334185373,1.747368744493722,0.5089171787390434,1.298361457734633,0.500010222365343,1.747257250793027
0.5106993718743604,1.718385956203952,0.5000494736130909,1.746945432842668,0.5000756256602371,1.74708922989327,0.5000151963609536,1.747368245064481,0.5106993718743604,1.223476766692193,0.5000114446573706,1.747256988493834
0.5126130724478732,1.713638882931128,0.5000847273553453,1.746928610691959,0.5001395708028794,1.747067505740383,0.5000233222457862,1.747367246102794,0.5126130724478732,1.147868329068049,0.5000138892414258,1.747256463876588
0.5145138759682302,1.708932841597631,0.5001552348398539,1.746894953450875,0.500267461088164,1.747024026264942,0.5000395740154513,1.74736524777843,0.5145138759682302,1.077395417586219,0.5000187784095361,1.747255414593777
0.5164944808861068,1.704038738548181,0.5002962498088712,1.746827590168514,0.5005232416587332,1.746936954778695,0.5000720775547816,1.747361249556671,0.5164944808861068,1.008562766655539,0.5000285567457569,1.747253315857157
0.5185303302470865,1.69901819189138,0.5005782797469058,1.746692689640023,0.5010348027998716,1.746762444011879,0.5001370846334421,1.747353247009568,0.5185303302470865,0.9423907031095652,0.5000481134181983,1.747249117722377
0.5206405360133602,1.693825013827173,0.5011423396229751,1.7464223342017,0.5020579250821483,1.74641243225272,0.5002670987907631,1.747337218848961,0.5206405360133602,0.8783803985143868,0.5000872267630813,1.747240718861019
0.5228248788498329,1.688460871396146,0.5022704593751135,1.745880203519787,0.5033321131873739,1.745975483609271,0.5005271271054053,1.747305079504472,0.5228248788498329,0.8166971393266093,0.5001654534528471,1.747223911096312
0.5250914357893027,1.682907159876365,0.503598781840141,1.745240562253772,0.5047889916325441,1.745475265289854,0.5010471837346895,1.747240526881056,0.5250914357893027,0.757267401612609,0.5003219068323789,1.747190257775837
0.5274455422325265,1.677152189120378,0.5051297551026983,1.744502675908219,0.5065502226711709,1.744870323696193,0.5019772000466101,1.747124433877277,0.5274455422325265,0.7001161255162545,0.5006348135914424,1.747122816959601
0.5298946495727621,1.671179284337685,0.5070069316621924,1.743597821750492,0.5088208337314044,1.744090513905082,0.5030083977860687,1.746995078115256,0.5298946495727621,0.6452315880147927,0.5012606271095693,1.7469875102087
0.5324465007231951,1.664971294683157,0.5094758612128523,1.742408106650583,0.5106014648612851,1.743479143217383,0.5041489791448318,1.746851583412124,0.5324465007231951,0.5926165713331402,0.5023424394501205,1.746752727414798
0.535110103797284,1.658508259343236,0.5112693853503337,1.74154420906636,0.5125169921307482,1.742821639582227,0.5054652827917784,1.746685742662325,0.535110103797284,0.5422682631142071,0.5035505399696162,1.74648977657706
0.5378955769901661,1.651767842763113,0.5132293241312028,1.740600515180077,0.5144143608649565,1.742170550869328,0.5070606344703678,1.746484634920631,0.5378955769901661,0.4941858806128623,0.504925955582297,1.74618997039786
0.5408145190481163,1.644724503578918,0.5151462483774506,1.739677889126334,0.5163923356802372,1.741491986998547,0.5091572729927285,1.746220315273146,0.5408145190481163,0.4483676998450619,0.5065810633392915,1.745829008381559
0.5438802342163145,1.637349036260788,0.5171519109618897,1.73871292098688,0.5184245765384189,1.740794998842372,0.5109419873822703,1.745995338388713,0.5438802342163145,0.4048121566421627,0.5087091530792787,1.745364884311585
0.546672289205075,1.630651524926278,0.5192094269607291,1.737723391205321,0.5205311421569092,1.740072723665194,0.5128457029168697,1.745755389240976,0.546672289205075,0.3688369399156537,0.5104868860702758,1.744977230215185
0.5501111339624062,1.622428089963957,0.5213444083296435,1.736697017230023,0.5227114529458804,1.739325381598273,0.5147552986516722,1.745514726940438,0.5501111339624062,0.3288910334382529,0.5123811885868919,1.744564233969126
0.5532315597919831,1.614990465802132,0.5235545143636082,1.735634968775723,0.5249737161187354,1.738550183232931,0.5167415295062961,1.745264433217293,0.5532315597919831,0.2964007121933678,0.5142761997794686,1.74415115993858
0.5563118364814553,1.607671205127446,0.5258490879735397,1.734532804765554,0.5273231710829553,1.737745360032791,0.5187862786240401,1.745006792029719,0.5563118364814553,0.2674777556906116,0.5162471525420202,1.743721608290043
0.5595834986004242,1.599921765576569,0.5282332857073221,1.733388103311542,0.5297672553304802,1.736908394131476,0.5209052062872604,1.744739832086012,0.5595834986004242,0.2398421509575284,0.5182749774816067,1.74327973961138
0.5629930985110105,1.591872464023971,0.5307150109652631,1.732197131178448,0.5323136529358744,1.736036687793175,0.5230993669051749,1.744463423375546,0.5629930985110105,0.2140752678830991,0.5203758945566451,1.742822025811897
0.5665527270635716,1.583498138154153,0.5333022506394777,1.730956124680837,0.5349713201568793,1.735127213014054,0.5253763305588091,1.744176615543516,0.5665527270635716,0.1901234099148956,0.5225506433563656,1.742348314176324
0.5703104850409924,1.574689904925939,0.5360044166602982,1.729660647529518,0.5377503063957159,1.734176573965561,0.5277417385107848,1.743878701726753,0.5703104850409924,0.1677399373280042,0.5248067516422998,1.741856974518883
0.5742884787863688,1.565401351064351,0.5388320562403018,1.728305732278277,0.5406621314337517,1.733180879246117,0.5302030441834263,1.743568747332341,0.5742884787863688,0.1469092422453877,0.5271496531013392,1.741346834244435
0.5785101288724347,1.555584108409686,0.5417973009120448,1.726885667894453,0.5437200033195562,1.732135669049479,0.532768147021594,1.743245762222285,0.5785101288724347,0.1276246235575313,0.5295866190515935,1.740816322099779
0.5830090821702305,1.545167437797657,0.5449140875900325,1.725393897479834,0.5465050026309409,1.731184108094374,0.5354461765807144,1.74290860209551,0.5830090821702305,0.1098513641395173,0.5321253090702234,1.740263784117954
0.587823086938454,1.534072995741628,0.5477520759880816,1.724036340054566,0.5499341384602254,1.730012958420396,0.53824742171562,1.742555977567102,0.587823086938454,0.09356546870742233,0.5347745813056987,1.739687307557143
0.5929962452096539,1.522210125834862,0.5512542603776814,1.722362078565729,0.5530458554391293,1.728950689870157,0.5411836737243981,1.74218641115798,0.5929962452096539,0.07874562985871547,0.5375443986216907,1.73908474178715
0.5985828349580583,1.509467821191491,0.5544314905766297,1.720844135291881,0.556117320915442,1.727902603750322,0.5442684731183521,1.7417982064711,0.5985828349580583,0.06536605741909574,0.5404461654578082,1.738453625527627
0.604649745741323,1.495710248817043,0.5575692702308831,1.719345944886033,0.5593791282782761,1.726790046680927,0.5470776943028586,1.741444733798303,0.604649745741323,0.05339797183281725,0.5434929564742487,1.737791137784608
0.6112804034774423,1.480769344302466,0.5609053145338049,1.717754075277791,0.5627779959318575,1.72563126608499,0.550540183131938,1.74100913140726,0.6112804034774423,0.04280910613190225,0.5462679869782014,1.737187892904507
0.6185808412922084,1.464433291513563,0.5643850964937298,1.716094699988072,0.5663258988662859,1.724422246891845,0.5536818156936135,1.740613959901772,0.6185808412922084,0.0335622832077842,0.549683414328117,1.736445635193056
0.6266883158859324,1.446430465886186,0.5680214821112445,1.714361826161072,0.5700706450202843,1.723146783139451,0.5567835536525514,1.740223867395255,0.6266883158859324,0.02561437608702222,0.5527828341289173,1.735772243492128
0.6357842659227793,1.426405603132994,0.5718645166056643,1.712531785980927,0.5740341307133977,1.721797525121136,0.5600792305127998,1.739809450239783,0.6357842659227793,0.01891500316105899,0.5558418600454991,1.735107804833602
0.6461146005513843,1.403882988900416,0.5759377142982525,1.710593610863293,0.5782395280041365,1.720366711425614,0.5635149949309145,1.73937749031542,0.6461146005513843,0.01340477434073617,0.5590897593513802,1.734402534063204
0.6580225811814914,1.378207795468138,0.5802661671713517,1.70853563048086,0.5827201447445159,1.718843160769171,0.5671032231846892,1.73892644108894,0.6580225811814914,0.009013092567044856,0.5624734851627926,1.733667979622459
0.672004620423701,1.348448488441102,0.5848858039741685,1.706341084541484,0.5875133133458165,1.71721436190122,0.5708927349758913,1.738450177798858,0.672004620423701,0.005655396800418711,0.5660048502099752,1.73290160412447
0.6888103626250459,1.313225920632986,0.5898371816071043,1.703991098312855,0.5926626126911256,1.715465728547775,0.5749061545163664,1.737945872237876,0.6888103626250459,0.003229795648328926,0.5697312512793211,1.732093155676972
0.7096346479751906,1.27039515646403,0.5951679478015749,1.701463536562074,0.5982216414607205,1.713579333084944,0.5791675160598074,1.7374105222334,0.7096346479751906,0.001613290728015748,0.5736742907323958,1.731237990778434
0.736517892206011,1.216407035616577,0.6009370003688094,1.698731065752765,0.6042563974645383,1.711533121501413,0.5837113039368494,1.736839816868974,0.736517892206011,0.0006584727651537392,0.577856793156966,1.730331209825874
0.7665178922060111,1.157853920860417,0.607217317934051,1.695759864454639,0.6108491161379549,1.70929964297651,0.5885762952570482,1.736228911552024,0.7665178922060111,0.0002422385928713133,0.58231159249974,1.72936575453126
0.7965178922060111,1.101041765917173,0.6141004925274381,1.69250755099619,0.6181042068834099,1.706844083890418,0.5938078884274799,1.735572137076854,0.7965178922060111,8.91145981756214e-05,0.5870754405067332,1.72833373281493
0.8265178922060111,1.045923201352272,0.621703753013707,1.688919970594333,0.6261566597709528,1.704121490166772,0.5994620473439264,1.734862506668411,0.8265178922060111,3.278342857715444e-05,0.5921911863726554,1.727225950550393
0.8565178922060112,0.9924513956124016,0.6301800782791003,1.684926584107946,0.635184663725598,1.701072605261289,0.6056078787782855,1.734091395778129,0.8565178922060112,1.206034938472378e-05,0.5977114823257098,1.726031115072688
0.8865178922060112,0.940580635222156,0.6397336056060955,1.680433460249112,0.6454293202245823,1.697617379231741,0.6123317747339604,1.733248026927749,0.8865178922060112,4.436754591941039e-06,0.60370108528158,1.72473534580732
0.9165178922060112,0.8902664874607882,0.6506441004510503,1.675312176449548,0.6572265101365399,1.693644499116294,0.6197438232858175,1.732318672293417,0.9165178922060112,1.632190799849553e-06,0.6102405764591471,1.72332138180842
0.9465178922060112,0.8414658232386618,0.6633073091191354,1.669381575718843,0.6710608028046176,1.688993722761185,0.6279869568322096,1.731285516755374,0.9465178922060112,6.004494392808368e-07,0.6174321126990236,1.721767355916958
0.9765178922060113,0.7941367939284835,0.6783048678165059,1.662376284613178,0.6876617857940511,1.683424407959774,0.6372507768839023,1.73012494084935,0.9765178922060113,2.20893004110323e-07,0.6254075454725168,1.720045066813563
1.006517892206011,0.7482387939724087,0.6965328746270233,1.653889087884689,0.7081879840635653,1.676555654109297,0.6477933130411682,1.728804820093839,1.006517892206011,8.126199491087505e-08,0.6343405735223198,1.718117395393384
1.036517892206011,0.7037324202521201,0.7194562839824107,1.643257589248741,0.734608236079473,1.667742783736335,0.6599765148302331,1.727280123451171,1.036517892206011,2.989461722613385e-08,0.6444656723682137,1.715934284832873
1.066517892206011,0.6605794322232141,0.7494562839824107,1.629414348573384,0.764608236079473,1.657774230893099,0.6743269413459324,1.725485394168031,1.066517892206011,1.099761526290877e-08,0.6561085815743209,1.713426275027264
1.096517892206011,0.6187427145152745,0.7794562839824107,1.615650380346626,0.7946082360794731,1.64784636238148,0.691645622436727,1.723321154402363,1.096517892206011,4.045796586638062e-09,0.6697376561079569,1.710493629663267
1.126517892206011,0.5781862430219923,0.8094562839824108,1.601965263774615,0.8246082360794731,1.637959021948503,0.7132211985940645,1.720627567490803,1.126517892206011,1.48836520885709e-09,0.6860551462139168,1.706987045845779
1.156517892206011,0.5388750554536772,0.8394562839824108,1.588358568388128,0.8546082360794731,1.628112050990278,0.7412809163376457,1.717128813523149,1.156517892206011,5.47538903106215e-10,0.70617035452314,1.702671146605013
1.186517892206011,0.5007752276167878,0.8694562839824108,1.574829862213243,0.8846082360794731,1.618305290570131,0.7712809163376457,1.71339354848507,1.186517892206011,2.014284294915569e-10,0.7319557940305015,1.697149616586284
1.216517892206011,0.4638538573213318,0.8994562839824108,1.561378714489913,0.9146082360794732,1.608538582090288,0.8012809163376458,1.709663878897838,1.216517892206011,7.410139168939622e-11,0.7619557940305015,1.690741083756974
1.246517892206011,0.4280790589693255,0.9294562839824109,1.548004696569764,0.9446082360794732,1.598811767514153,0.8312809163376458,1.705939796802947,1.246517892206011,2.726019410204117e-11,0.7919557940305015,1.684349158510315
1.276517892206011,0.3934199739301619,0.9594562839824109,1.534707382205892,0.9746082360794732,1.589124689438599,0.8612809163376458,1.702221294137245,1.276517892206011,1.002842253683411e-11,0.8219557940305016,1.677973800389654
1.306517892206011,0.3598468055402859,0.9894562839824109,1.52148634763971,1.004608236079473,1.5794771911162,0.8912809163376458,1.698508362811122,1.306517892206011,3.689271110829395e-12,0.8519557940305016,1.671614968199498
1.336517892206011,0.3273308945849787,1.019456283982411,1.508341171620072,1.034608236079473,1.569869116460776,0.9212809163376459,1.694800994734569,1.336517892206011,1.357136625301791e-12,0.8819557940305016,1.665272620572588
1.366517892206011,0.2958448649188943,1.049456283982411,1.495271435399877,1.064608236079473,1.56030031004738,0.9512809163376459,1.691099181825864,1.366517892206011,4.991562718714704e-13,0.9119557940305016,1.658946716158879
1.396517892206012,0.2653628974556015,1.079456283982411,1.482276722725211,1.094608236079473,1.550770617110445,0.9812809163376459,1.687402916014446,1.396517892206012,1.838529328779259e-13,0.9419557940305017,1.652637213688381
1.426517892206012,0.235861253663742,1.109456283982411,1.469356619822061,1.124608236079473,1.541279883541319,1.011280916337646,1.683712189241862,1.426517892206012,6.750155989720952e-14,0.9719557940305017,1.646344071991913
1.456517892206012,0.2073193185189546,1.139456283982411,1.456510715382282,1.154608236079473,1.531827955885624,1.041280916337646,1.680026993462073,1.456517892206012,2.486899575160351e-14,1.001955794030502,1.640067250007831
1.486517892206012,0.1797218157888533,1.169456283982411,1.443738600549368,1.184608236079473,1.522414681340554,1.071280916337646,1.676347320641538,1.486517892206012,9.103828801926284e-15,1.031955794030502,1.633806706784059
1.516517892206012,0.1530639344073795,1.199456283982411,1.431039868904212,1.214608236079473,1.513039907752167,1.101280916337646,1.672673162759229,1.516517892206012,3.33066907387547e-15,1.061955794030502,1.627562401478572
1.546517892206012,0.1273645248024284,1.229456283982411,1.418414116450893,1.244608236079473,1.503703483612688,1.131280916337646,1.669004511806624,1.546517892206012,1.110223024625157e-15,1.091955794030502,1.621334293359354
1.576517892206012,0.102704219194372,1.259456283982411,1.405860941602541,1.274608236079473,1.494405258057818,1.161280916337646,1.665341359787693,1.576517892206012,4.440892098500626e-16,1.121955794030502,1.615122341804182
1.606517892206012,0.07934181791300814,1.289456283982411,1.393379945167245,1.304608236079474,1.485145080864062,1.191280916337646,1.661683698718873,1.606517892206012,2.220446049250313e-16,1.151955794030502,1.608926506300356
1.636517892206012,0.05798183475183516,1.319456283982411,1.38097073033403,1.334608236079474,1.475922802446066,1.221280916337646,1.658031520629053,1.636517892206012,0,1.181955794030502,1.602746746444414
1.666517892206012,0.03982665735554774,1.349456283982411,1.368632902658872,1.364608236079474,1.466738273853965,1.251280916337646,1.654384817559555,1.666517892206012,0,1.211955794030502,1.596583021941836
1.694759346561761,0.02648598457038493,1.379456283982411,1.356366070050778,1.394608236079474,1.457591346770748,1.281280916337646,1.65074358156411,1.694759346561761,0,1.241955794030502,1.590435292606754
1.721788643109546,0.01716064588306549,1.409456283982411,1.344169842757902,1.424608236079474,1.448481873509625,1.311280916337646,1.647107804708841,1.721788643109546,0,1.271955794030502,1.584303518361656
1.750647565838631,0.01035873400252666,1.439456283982411,1.332043833353702,1.454608236079474,1.43940970701141,1.341280916337646,1.643477479072242,1.750647565838631,0,1.301955794030502,1.578187659237098
1.780647565838631,0.00586985736351719,1.469456283982411,1.319987656723146,1.484608236079474,1.430374700841918,1.371280916337646,1.639852596745159,1.780647565838631,0,1.331955794030502,1.572087675371414
1.810647565838631,0.003177282198718114,1.499456283982411,1.308000930048943,1.514608236079474,1.421376709189358,1.401280916337646,1.63623314983077,1.810647565838631,0,1.361955794030502,1.566003527010422
1.840647565838631,0.001625220322114004,1.529456283982411,1.296083272797812,1.544608236079474,1.412415586861748,1.431280916337646,1.632619130444567,1.840647565838631,0,1.391955794030502,1.559935174507145
1.870647565838631,0.0007859316630999326,1.559456283982411,1.284234306706789,1.574608236079474,1.40349118928433,1.461280916337646,1.629010530714333,1.870647565838631,0,1.421955794030502,1.55388257832152
1.900647565838631,0.000358804517763036,1.589456283982411,1.27245365576955,1.604608236079474,1.394603372496997,1.491280916337646,1.625407342780125,1.900647565838631,0,1.451955794030502,1.547845699020113
1.930647565838631,0.0001533895983192617,1.619456283982411,1.260740946222777,1.634608236079474,1.385751993151721,1.521280916337646,1.621809558794255,1.930647565838631,0,1.481955794030502,1.541824497275835
1.960647565838631,6.018209828341305e-05,1.649456283982411,1.249095806532536,1.664608236079474,1.376936908509999,1.551280916337646,1.618217170921269,1.960647565838631,0,1.511955794030502,1.535818933867665
1.990647565838631,2.063270077644981e-05,1.679456283982411,1.237517867380693,1.694608236079474,1.368157976440293,1.581280916337646,1.614630171337929,1.990647565838631,0,1.541955794030502,1.529828969680361
2.020647565838631,5.279559228220086e-06,1.709456283982411,1.22600676165134,1.724608236079474,1.359415055415486,1.611280916337646,1.611048552233194,2.020647565838631,0,1.571955794030502,1.523854565704185
2.050647565838631,1.145386908055477e-07,1.739456283982411,1.214562124417259,1.754608236079474,1.350708004510335,1.641280916337647,1.607472305808198,2.050647565838631,0,1.601955794030502,1.51789568303462
2.052522565838631,9.321737824718179e-08,1.769456283982412,1.203183592926394,1.784608236079474,1.342036683398941,1.671280916337647,1.603901424276236,2.052522565838631,0,1.631955794030502,1.511952282872095
2.056272565838631,7.279478610308566e-08,1.799456283982412,1.191870806588355,1.814608236079474,1.333400952352208,1.701280916337647,1.600335899862741,2.056272565838631,0,1.661955794030502,1.506024326521706
2.063772565838631,5.167830703006501e-08,1.829456283982412,1.180623406960935,1.844608236079474,1.324800672235327,1.731280916337647,1.596775724805266,2.063772565838631,0,1.691955794030502,1.500111775392938
2.078772565838632,2.935764671876626e-08,1.859456283982412,1.169441037736658,1.874608236079474,1.316235704505245,1.761280916337647,1.593220891353464,2.078772565838632,0,1.721955794030502,1.494214590999392
2.108772565838632,8.39668515453342e-09,1.889456283982412,1.158323344729338,1.904608236079474,1.307705911208151,1.791280916337647,1.589671391769075,2.108772565838632,0,1.751955794030502,1.488332734958509
2.138772565838631,9.992090788429236e-10,1.919456283982412,1.147269975860662,1.934608236079474,1.299211154976965,1.821280916337647,1.586127218325896,2.138772565838631,0,1.781955794030502,1.482466168991296
2.146272565838631,6.123644916382262e-10,1.949456283982412,1.136280581146804,1.964608236079474,1.290751299028823,1.851280916337647,1.582588363309775,2.146272565838631,0,1.811955794030502,1.476614854922052
2.161272565838631,2.556301368587211e-10,1.979456283982412,1.125354812685046,1.994608236079474,1.282326207162576,1.881280916337647,1.579054819018585,2.161272565838631,0,1.841955794030502,1.470778754678099
2.19127256583863,-2.17250433574919e-11,2.009456283982411,1.114492324640435,2.024608236079474,1.273935743756286,1.911280916337647,1.575526577762203,2.19127256583863,0,1.871955794030502,1.464957830289505
2.22127256583863,-8.092434447600878e-11,2.039456283982411,1.103692773232456,2.054608236079474,1.265579773764731,1.941280916337647,1.572003631862499,2.22127256583863,0,1.901955794030503,1.459152043888818
2.25127256583863,-7.1329323608224e-11,2.069456283982411,1.092955816721732,2.084608236079474,1.257258162716905,1.971280916337647,1.568485973653311,2.25127256583863,0,1.931955794030503,1.453361357710792
2.28127256583863,-4.828003228190032e-11,2.099456283982411,1.082281115396756,2.114608236079473,1.248970776713529,2.001280916337647,1.564973595480432,2.28127256583863,0,1.961955794030503,1.447585734092121
2.31127256583863,-1.248029307517242e-14,2.129456283982411,1.071668331560639,2.144608236079473,1.240717482424563,2.031280916337646,1.561466489701585,2.31127256583863,0,1.991955794030503,1.441825135471165
2.341272565838629,1.042105659003927e-11,2.159456283982411,1.061117129517896,2.174608236079473,1.232498147086719,2.061280916337646,1.55796464868641,2.341272565838629,0,2.021955794030502,1.436079524387689
2.371272565838629,4.361490345290719e-15,2.18945628398241,1.05062717556126,2.204608236079473,1.224312638500979,2.091280916337646,1.554468064816445,2.371272565838629,0,2.051955794030502,1.430348863482587
2.401272565838629,-9.075980627628681e-16,2.21945628398241,1.040198137958532,2.234608236079473,1.216160825030118,2.121280916337646,1.550976730485105,2.401272565838629,0,2.081955794030502,1.424633115497621
2.431272565838629,-1.498224349216736e-13,2.24945628398241,1.029829686939455,2.264608236079472,1.208042575596221,2.151280916337646,1.547490638097664,2.431272565838629,0,2.111955794030502,1.418932243275152
2.461272565838629,-5.702223318894485e-17,2.27945628398241,1.019521494682637,2.294608236079472,1.199957759678217,2.181280916337645,1.544009780071242,2.461272565838629,0,2.141955794030502,1.413246209757872
2.491272565838628,3.237701647122026e-14,2.30945628398241,1.009273235302523,2.324608236079472,1.191906247309401,2.211280916337645,1.540534148834779,2.491272565838628,0,2.171955794030501,1.407574977988541
2.521272565838628,1.368647616793803e-17,2.339456283982409,0.9990845848363408,2.354608236079472,1.183887909074968,2.241280916337645,1.537063736829022,2.521272565838628,0,2.201955794030501,1.401918511109723
2.551272565838628,-2.806346053184931e-18,2.369456283982409,0.988955221231189,2.384608236079472,1.175902616109549,2.271280916337645,1.533598536506507,2.551272565838628,0,2.231955794030501,1.396276772363518
2.581272565838628,-4.585044042486501e-16,2.399456283982409,0.9788848243311147,2.414608236079471,1.167950240094748,2.301280916337645,1.530138540331538,2.581272565838628,0,2.261955794030501,1.390649725091299
2.611272565838628,-1.71936597564825e-19,2.429456283982409,0.9688730758642454,2.444608236079471,1.160030653256677,2.331280916337644,1.52668374078017,2.611272565838628,0,2.291955794030501,1.385037332733451
2.641272565838627,9.85995068659463e-17,2.459456283982409,0.9589196594299791,2.474608236079471,1.152143728363503,2.361280916337644,1.523234130340194,2.641272565838627,0,2.3219557940305,1.379439558829102
2.671272565838627,3.835114664307215e-20,2.489456283982408,0.9490242604862233,2.504608236079471,1.144289338722992,2.391280916337644,1.519789701511114,2.671272565838627,0,2.3519557940305,1.373856367015866
2.701272565838627,-1.104365376758155e-20,2.519456283982408,0.9391865663366944,2.534608236079471,1.136467358180061,2.421280916337644,1.516350446804133,2.701272565838627,0,2.3819557940305,1.368287721029577
2.731272565838627,-4.34683890201282e-18,2.549456283982408,0.9294062661182789,2.56460823607947,1.128677661114323,2.451280916337644,1.512916358742135,2.731272565838627,0,2.4119557940305,1.362733584704027
2.761272565838627,-7.860767676198964e-22,2.579456283982408,0.9196830507884571,2.59460823607947,1.120920122437644,2.481280916337643,1.509487429859664,2.761272565838627,0,2.4419557940305,1.357193921970707
2.791272565838626,3.825423805693904e-19,2.609456283982408,0.9100166131127928,2.62460823607947,1.113194617591703,2.511280916337643,1.506063652702908,2.791272565838626,0,2.471955794030499,1.351668696858541
2.821272565838626,-5.97092243204454e-22,2.639456283982407,0.9004066476524951,2.65460823607947,1.105501022545547,2.541280916337643,1.502645019829683,2.821272565838626,0,2.501955794030499,1.34615787349363
2.851272565838626,-2.471019310730332e-21,2.669456283982407,0.8908528507520529,2.68460823607947,1.097839213793161,2.571280916337643,1.499231523809414,2.851272565838626,0,2.531955794030499,1.34066141609899
2.881272565838626,-4.263084478861969e-18,2.699456283982407,0.8813549205269499,2.714608236079469,1.090209068351031,2.601280916337643,1.495823157223114,2.881272565838626,0,2.561955794030499,1.335179288994286
2.911272565838626,-2.475264355342481e-21,2.729456283982407,0.8719125568514554,2.744608236079469,1.082610463755718,2.631280916337642,1.492419912663373,2.911272565838626,0,2.591955794030499,1.329711456595581
2.941272565838625,-2.552304239369188e-18,2.759456283982407,0.8625254613465002,2.774608236079469,1.075043278061429,2.661280916337642,1.489021782734333,2.941272565838625,0,2.621955794030498,1.32425788341507
2.971272565838625,-1.402783649188987e-21,2.789456283982406,0.8531933373676462,2.804608236079469,1.067507389837597,2.691280916337642,1.485628760051678,2.971272565838625,0,2.651955794030498,1.318818534060821
3,1.058336573675479e-17,2.819456283982406,0.8439158899931399,2.834608236079469,1.060002678166464,2.721280916337642,1.482240837242608,3,0,2.681955794030498,1.313393373236519
  ,  ,2.849456283982406,0.8346928260120696,2.864608236079468,1.052529022640668,2.751280916337642,1.47885800694583,  ,  ,2.711955794030498,1.307982365741204
  ,  ,2.879456283982406,0.8255238539126144,2.894608236079468,1.04508630336083,2.781280916337642,1.475480261811533,  ,  ,2.741955794030498,1.302585476469015
  ,  ,2.909456283982406,0.8164086838704033,2.924608236079468,1.037674400933155,2.811280916337641,1.472107594501375,  ,  ,2.771955794030498,1.297202670408928
  ,  ,2.939456283982405,0.8073470277369773,2.954608236079468,1.030293196467028,2.841280916337641,1.468739997688465,  ,  ,2.801955794030497,1.291833912644502
  ,  ,2.969456283982405,0.7983385990283648,2.977304118039734,1.024729429712472,2.871280916337641,1.465377464057344,  ,  ,2.831955794030497,1.286479168353618
  ,  ,2.984728141991202,0.7937731263262287,3,1.019183117472511,2.901280916337641,1.46201998630397,  ,  ,2.861955794030497,1.281138402808222
  ,  ,3,0.7892213448215334,  ,  ,2.931280916337641,1.458667557135698,  ,  ,2.891955794030497,1.275811581374069
  ,  ,  ,  ,  ,  ,2.96128091633764,1.455320169271261,  ,  ,2.921955794030497,1.270498669510466
  ,  ,  ,  ,  ,  ,2.98064045816882,1.453162712858705,  ,  ,2.951955794030496,1.26519963277001
  ,  ,  ,  ,  ,  ,3,1.451007351100467,  ,  ,2.975977897015248,1.260966481249551
  ,  ,  ,  ,  ,  ,  ,  ,  ,  ,3,1.256742187550021
